"df","AICc"
7,-53087.0015596111
6,-53045.6897678489
6,-53089.0018588828
6,-42553.9862031019
5,-53046.9628570968
5,-41797.0784148353
5,-42089.1672518979
4,-41332.5354294669
